{"cameraMode":{"drawMode":0,"name":"Shaded","section":"Shading Mode"},"sceneLighting":false,"audioPlay":false,"sceneViewState":{"m_AlwaysRefresh":false,"showFog":true,"showSkybox":false,"showFlares":true,"showImageEffects":true,"showParticleSystems":true,"showVisualEffectGraphs":true,"m_FxEnabled":true},"in2DMode":false,"pivot":{"x":-1.8400001525878907,"y":0.009999990463256836,"z":9.819999694824219},"rotation":{"x":-0.3152010142803192,"y":0.058881618082523349,"z":-0.01959836296737194,"w":-0.946994960308075},"size":2.6705901622772219,"orthographic":false}